ID,dna_con_ug_ml,sample_id,day,container,treatment_combo,food,ph,temperature,data_inoculated,chitinase,protease,respiration_co2_ppm_hr,ph_final,color,final_volume_ml
exp2_MIX_GROUP1,1.926,MIX,0,MIX,,NA,NA,NA,NA,NA,NA,NA,NA,NA,NA
exp2_MIX_GROUP2,6.0085,MIX,0,MIX,,NA,NA,NA,NA,NA,NA,NA,NA,NA,NA
exp2_MIX_GROUP3,2.7385,MIX,0,MIX,,NA,NA,NA,NA,NA,NA,NA,NA,NA,NA
exp2_MIX_GROUP4,2.8285,MIX,0,MIX,,NA,NA,NA,NA,NA,NA,NA,NA,NA,NA
neg_control1,-0.0465,NEG,NEG,NEG,,NA,NA,NA,NA,NA,NA,NA,NA,NA,NA
neg_control2,0.2495,NEG,NEG,NEG,,NA,NA,NA,NA,NA,NA,NA,NA,NA,NA
neg_control3,0.056,NEG,NEG,NEG,,NA,NA,NA,NA,NA,NA,NA,NA,NA,NA
neg_control4,0.056,NEG,NEG,NEG,,NA,NA,NA,NA,NA,NA,NA,NA,NA,NA
exp2_1_DAY1_tube,3.9185,1,1,tube,temp22_ph4_food3,3,4,22,3/14/22,0.011233069,280.3949853,NA,NA,NA,NA
exp2_2_DAY1_tube,1.566,2,1,tube,temp22_ph4_food3,3,4,22,3/14/22,0.014018388,337.0301126,NA,NA,NA,NA
exp2_3_DAY1_tube,1.6885,3,1,tube,temp22_ph4_food3,3,4,22,3/14/22,0.012690399,303.6613489,NA,NA,NA,NA
exp2_4_DAY1_tube,2.111,4,1,tube,temp22_ph4_food3,3,4,22,3/14/22,0.013761194,346.9332169,NA,NA,NA,NA
exp2_5_DAY1_tube,2.331,5,1,tube,temp22_ph4_food6,6,4,22,3/14/22,0.007094876,312.2595401,NA,NA,NA,NA
exp2_6_DAY1_tube,2.851,6,1,tube,temp22_ph4_food6,6,4,22,3/14/22,0.009659062,278.5443813,NA,NA,NA,NA
exp2_7_DAY1_tube,3.5085,7,1,tube,temp22_ph4_food6,6,4,22,3/14/22,0.011633611,287.1397254,NA,NA,NA,NA
exp2_8_DAY1_tube,3.141,8,1,tube,temp22_ph4_food6,6,4,22,3/14/22,0.011525727,300.6747587,NA,NA,NA,NA
exp2_9_DAY1_tube,2.866,9,1,tube,temp22_ph5.6_food3,3,5.6,22,3/14/22,0.009779016,243.4740109,NA,NA,NA,NA
exp2_10_DAY1_tube,1.591,10,1,tube,temp22_ph5.6_food3,3,5.6,22,3/14/22,0.013283315,238.8512968,NA,NA,NA,NA
exp2_11_DAY1_tube,2.4185,11,1,tube,temp22_ph5.6_food3,3,5.6,22,3/14/22,0.009829978,254.980972,NA,NA,NA,NA
exp2_12_DAY1_tube,1.0085,12,1,tube,temp22_ph5.6_food3,3,5.6,22,3/14/22,0.009719263,239.2536846,NA,NA,NA,NA
exp2_13_DAY1_tube,5.7035,13,1,tube,temp22_ph5.6_food6,6,5.6,22,3/14/22,0.010483542,232.4396656,NA,NA,NA,NA
exp2_14_DAY1_tube,2.966,14,1,tube,temp22_ph5.6_food6,6,5.6,22,3/14/22,0.018069857,235.432899,NA,NA,NA,NA
exp2_15_DAY1_tube,4.5085,15,1,tube,temp22_ph5.6_food6,6,5.6,22,3/14/22,0.01499173,236.9541904,NA,NA,NA,NA
exp2_16_DAY1_tube,2.2185,16,1,tube,temp22_ph5.6_food6,6,5.6,22,3/14/22,0.012277489,221.9614505,NA,NA,NA,NA
exp2_17_DAY1_tube,2.086,17,1,tube,temp37_ph4_food3,3,4,37,3/14/22,0.043943435,242.3911702,NA,NA,NA,NA
exp2_18_DAY1_tube,2.9135,18,1,tube,temp37_ph4_food3,3,4,37,3/14/22,0.033367507,208.6247639,NA,NA,NA,NA
exp2_19_DAY1_tube,4.116,19,1,tube,temp37_ph4_food3,3,4,37,3/14/22,0.034574945,221.4622619,NA,NA,NA,NA
exp2_20_DAY1_tube,3.4385,20,1,tube,temp37_ph4_food3,3,4,37,3/14/22,0.040438242,274.6192026,NA,NA,NA,NA
exp2_21_DAY1_tube,5.7135,21,1,tube,temp37_ph4_food6,6,4,37,3/14/22,0.014261276,316.192311,NA,NA,NA,NA
exp2_22_DAY1_tube,7.836,22,1,tube,temp37_ph4_food6,6,4,37,3/14/22,0.014105411,303.6499606,NA,NA,NA,NA
exp2_23_DAY1_tube,8.511,23,1,tube,temp37_ph4_food6,6,4,37,3/14/22,0.018218421,294.0847102,NA,NA,NA,NA
exp2_24_DAY1_tube,1.006,24,1,tube,temp37_ph4_food6,6,4,37,3/14/22,0.023404312,350.289928,NA,NA,NA,NA
exp2_25_DAY1_tube,2.9335,25,1,tube,temp37_ph5.6_food3,3,5.6,37,3/14/22,0.050405758,361.9401923,NA,NA,NA,NA
exp2_26_DAY1_tube,1.3735,26,1,tube,temp37_ph5.6_food3,3,5.6,37,3/14/22,0.047337019,198.9162103,NA,NA,NA,NA
exp2_27_DAY1_tube,1.3935,27,1,tube,temp37_ph5.6_food3,3,5.6,37,3/14/22,0.049436588,202.8878914,NA,NA,NA,NA
exp2_28_DAY1_tube,1.001,28,1,tube,temp37_ph5.6_food3,3,5.6,37,3/14/22,0.048016063,181.8004954,NA,NA,NA,NA
exp2_29_DAY1_tube,4.6685,29,1,tube,temp37_ph5.6_food6,6,5.6,37,3/14/22,0.021087634,212.4142316,NA,NA,NA,NA
exp2_30_DAY1_tube,3.036,30,1,tube,temp37_ph5.6_food6,6,5.6,37,3/14/22,0.019392183,246.4406715,NA,NA,NA,NA
exp2_31_DAY1_tube,2.781,31,1,tube,temp37_ph5.6_food6,6,5.6,37,3/14/22,0.020536292,252.6473128,NA,NA,NA,NA
exp2_32_DAY1_tube,1.901,32,1,tube,temp37_ph5.6_food6,6,5.6,37,3/14/22,0.023239357,252.5296334,NA,NA,NA,NA
exp2_81_DAY1_tube,0.726,81,1,tube,temp22_ph3_food3,3,3,22,3/21/22,0.021749407,94.48773989,NA,NA,NA,NA
exp2_82_DAY1_tube,0.801,82,1,tube,temp22_ph3_food3,3,3,22,3/21/22,0.022051084,89.66002551,NA,NA,NA,NA
exp2_83_DAY1_tube,1.0735,83,1,tube,temp37_ph3_food3,3,3,37,3/21/22,0.009545045,20.90609735,NA,NA,NA,NA
exp2_84_DAY1_tube,0.9485,84,1,tube,temp37_ph3_food3,3,3,37,3/21/22,0.008763499,21.11351825,NA,NA,NA,NA
exp2_85_DAY1_tube,1.7685,85,1,tube,temp22_ph3_food6,6,3,22,3/21/22,0.012124423,63.96111497,NA,NA,NA,NA
exp2_86_DAY1_tube,1.7235,86,1,tube,temp22_ph3_food6,6,3,22,3/21/22,0.011183921,65.23600157,NA,NA,NA,NA
exp2_87_DAY1_tube,0.5535,87,1,tube,temp37_ph3_food6,6,3,37,3/21/22,0.005270394,12.23527943,NA,NA,NA,NA
exp2_88_DAY1_tube,0.4235,88,1,tube,temp37_ph3_food6,6,3,37,3/21/22,0.004986413,11.75687773,NA,NA,NA,NA
exp2_89_DAY1_tube,0.421,89,1,tube,temp37_ph3_food3,3,3,37,4/11/22,0.00621276,9.698204537,NA,NA,NA,NA
exp2_90_DAY1_tube,0.381,90,1,tube,temp37_ph3_food3,3,3,37,4/11/22,0.005986264,8.367219493,NA,NA,NA,NA
exp2_91_DAY1_tube,0.656,91,1,tube,temp37_ph3_food6,6,3,37,4/11/22,0.003768841,4.286491293,NA,NA,NA,NA
exp2_92_DAY1_tube,0.641,92,1,tube,temp37_ph3_food6,6,3,37,4/11/22,0.003884718,10.79320953,NA,NA,NA,NA
exp2_93_DAY1_tube,0.772,93,1,tube,temp22_ph3_food6,6,3,22,4/11/22,0.005419224,28.44135176,NA,NA,NA,NA
exp2_94_DAY1_tube,1.1195,94,1,tube,temp22_ph3_food6,6,3,22,4/11/22,0.004495526,25.96643903,NA,NA,NA,NA
exp2_95_DAY1_tube,0.6385,95,1,tube,temp22_ph3_food3,3,3,22,4/11/22,0.017431977,48.16151396,NA,NA,NA,NA
exp2_96_DAY1_tube,0.502,96,1,tube,temp22_ph3_food3,3,3,22,4/11/22,0.011916989,48.20324214,NA,NA,NA,NA
exp2_1_DAY8_tube,NA,1,8,tube,temp22_ph4_food3,3,4,22,3/14/22,0.027190682,685.8217457,15770.86627,NA,NA,NA
exp2_2_DAY8_tube,NA,2,8,tube,temp22_ph4_food3,3,4,22,3/14/22,0.025022235,650.0772508,16683.45241,NA,NA,NA
exp2_3_DAY8_tube,NA,3,8,tube,temp22_ph4_food3,3,4,22,3/14/22,0.025515876,679.2764955,15660.70278,NA,NA,NA
exp2_4_DAY8_tube,NA,4,8,tube,temp22_ph4_food3,3,4,22,3/14/22,0.030769651,708.2510105,17386.18081,NA,NA,NA
exp2_5_DAY8_tube,NA,5,8,tube,temp22_ph4_food6,6,4,22,3/14/22,0.016029997,684.1300311,25497.44835,NA,NA,NA
exp2_6_DAY8_tube,NA,6,8,tube,temp22_ph4_food6,6,4,22,3/14/22,0.014206313,692.6385443,23764.2309,NA,NA,NA
exp2_7_DAY8_tube,NA,7,8,tube,temp22_ph4_food6,6,4,22,3/14/22,0.015380709,718.1672051,21862.11318,NA,NA,NA
exp2_8_DAY8_tube,NA,8,8,tube,temp22_ph4_food6,6,4,22,3/14/22,0.013400763,737.269223,22731.55291,NA,NA,NA
exp2_9_DAY8_tube,NA,9,8,tube,temp22_ph5.6_food3,3,5.6,22,3/14/22,0.03706818,568.9685847,15696.23075,NA,NA,NA
exp2_10_DAY8_tube,NA,10,8,tube,temp22_ph5.6_food3,3,5.6,22,3/14/22,0.018213062,528.3143718,11353.93505,NA,NA,NA
exp2_11_DAY8_tube,NA,11,8,tube,temp22_ph5.6_food3,3,5.6,22,3/14/22,0.027913755,562.367152,15094.51068,NA,NA,NA
exp2_12_DAY8_tube,NA,12,8,tube,temp22_ph5.6_food3,3,5.6,22,3/14/22,0.044721835,594.9092498,16002.65191,NA,NA,NA
exp2_13_DAY8_tube,NA,13,8,tube,temp22_ph5.6_food6,6,5.6,22,3/14/22,0.010145168,639.7022333,27711.64357,NA,NA,NA
exp2_14_DAY8_tube,NA,14,8,tube,temp22_ph5.6_food6,6,5.6,22,3/14/22,0.027984077,636.7620207,26733.02586,NA,NA,NA
exp2_15_DAY8_tube,NA,15,8,tube,temp22_ph5.6_food6,6,5.6,22,3/14/22,0.014229472,577.7892223,25950.45803,NA,NA,NA
exp2_16_DAY8_tube,NA,16,8,tube,temp22_ph5.6_food6,6,5.6,22,3/14/22,0.025616435,742.1851835,24145.91163,NA,NA,NA
exp2_17_DAY8_tube,NA,17,8,tube,temp37_ph4_food3,3,4,37,3/14/22,0.15418794,247.6974436,12957.22974,NA,NA,NA
exp2_18_DAY8_tube,NA,18,8,tube,temp37_ph4_food3,3,4,37,3/14/22,0.154123312,184.1401042,11313.04521,NA,NA,NA
exp2_19_DAY8_tube,NA,19,8,tube,temp37_ph4_food3,3,4,37,3/14/22,0.158233697,268.4103075,12123.22859,NA,NA,NA
exp2_20_DAY8_tube,NA,20,8,tube,temp37_ph4_food3,3,4,37,3/14/22,0.148232405,207.7684944,11777.71995,NA,NA,NA
exp2_21_DAY8_tube,NA,21,8,tube,temp37_ph4_food6,6,4,37,3/14/22,0.161933691,177.5032028,27176.63686,NA,NA,NA
exp2_22_DAY8_tube,NA,22,8,tube,temp37_ph4_food6,6,4,37,3/14/22,0.161358495,265.5299661,25698.10758,NA,NA,NA
exp2_23_DAY8_tube,NA,23,8,tube,temp37_ph4_food6,6,4,37,3/14/22,0.15722549,248.4062499,24665.59197,NA,NA,NA
exp2_24_DAY8_tube,NA,24,8,tube,temp37_ph4_food6,6,4,37,3/14/22,0.166302592,136.2074323,23587.46597,NA,NA,NA
exp2_25_DAY8_tube,NA,25,8,tube,temp37_ph5.6_food3,3,5.6,37,3/14/22,0.190729012,303.1710428,10161.62792,NA,NA,NA
exp2_26_DAY8_tube,NA,26,8,tube,temp37_ph5.6_food3,3,5.6,37,3/14/22,0.187381245,258.2373196,9980.220991,NA,NA,NA
exp2_27_DAY8_tube,NA,27,8,tube,temp37_ph5.6_food3,3,5.6,37,3/14/22,0.139744717,258.138291,16560.12088,NA,NA,NA
exp2_28_DAY8_tube,NA,28,8,tube,temp37_ph5.6_food3,3,5.6,37,3/14/22,0.146069282,272.8393538,16699.05526,NA,NA,NA
exp2_29_DAY8_tube,NA,29,8,tube,temp37_ph5.6_food6,6,5.6,37,3/14/22,0.192302721,158.3929562,19343.32551,NA,NA,NA
exp2_30_DAY8_tube,NA,30,8,tube,temp37_ph5.6_food6,6,5.6,37,3/14/22,0.193970142,152.1254967,21235.52171,NA,NA,NA
exp2_31_DAY8_tube,NA,31,8,tube,temp37_ph5.6_food6,6,5.6,37,3/14/22,0.182873392,132.3634775,21913.54201,NA,NA,NA
exp2_32_DAY8_tube,NA,32,8,tube,temp37_ph5.6_food6,6,5.6,37,3/14/22,0.177567375,223.7955187,21355.06059,NA,NA,NA
exp2_81_DAY8_tube,NA,81,8,tube,temp22_ph3_food3,3,3,22,3/21/22,0.047892175,2013.725134,317.9597955,NA,NA,NA
exp2_82_DAY8_tube,NA,82,8,tube,temp22_ph3_food3,3,3,22,3/21/22,0.036511844,1555.064039,488.5249705,NA,NA,NA
exp2_83_DAY8_tube,NA,83,8,tube,temp37_ph3_food3,3,3,37,3/21/22,0.028829814,149.0986713,435.890094,NA,NA,NA
exp2_84_DAY8_tube,NA,84,8,tube,temp37_ph3_food3,3,3,37,3/21/22,0.033936813,150.1911659,454.6681815,NA,NA,NA
exp2_85_DAY8_tube,NA,85,8,tube,temp22_ph3_food6,6,3,22,3/21/22,0.008662525,3532.382596,468.5259997,NA,NA,NA
exp2_86_DAY8_tube,NA,86,8,tube,temp22_ph3_food6,6,3,22,3/21/22,0.01670265,1275.795129,NA,NA,NA,NA
exp2_87_DAY8_tube,NA,87,8,tube,temp37_ph3_food6,6,3,37,3/21/22,0.019442974,101.4517048,1248.074199,NA,NA,NA
exp2_88_DAY8_tube,NA,88,8,tube,temp37_ph3_food6,6,3,37,3/21/22,0.007726139,38.5403678,1094.536114,NA,NA,NA
exp2_89_DAY8_tube,NA,89,8,tube,temp37_ph3_food3,3,3,37,4/11/22,0.004426833,12.81049777,1221.659388,NA,NA,NA
exp2_90_DAY8_tube,NA,90,8,tube,temp37_ph3_food3,3,3,37,4/11/22,0.004297959,7.143232707,594.0099996,NA,NA,NA
exp2_91_DAY8_tube,NA,91,8,tube,temp37_ph3_food6,6,3,37,4/11/22,0.00257972,-16.54736241,1010.122112,NA,NA,NA
exp2_92_DAY8_tube,NA,92,8,tube,temp37_ph3_food6,6,3,37,4/11/22,0.003268208,-2.302209069,785.5831898,NA,NA,NA
exp2_93_DAY8_tube,NA,93,8,tube,temp22_ph3_food6,6,3,22,4/11/22,0.005002314,362.1528847,2388.217433,NA,NA,NA
exp2_94_DAY8_tube,NA,94,8,tube,temp22_ph3_food6,6,3,22,4/11/22,0.004668636,130.5761907,2355.287818,NA,NA,NA
exp2_95_DAY8_tube,NA,95,8,tube,temp22_ph3_food3,3,3,22,4/11/22,0.031343105,4770.808139,5012.706412,NA,NA,NA
exp2_96_DAY8_tube,NA,96,8,tube,temp22_ph3_food3,3,3,22,4/11/22,0.031185437,1491.155461,6458.337627,NA,NA,NA
exp2_1_DAY15_tube,12.5485,1,15,tube,temp22_ph4_food3,3,4,22,3/14/22,0.169163417,948.4956032,11853.46943,NA,NA,NA
exp2_2_DAY15_tube,8.456,2,15,tube,temp22_ph4_food3,3,4,22,3/14/22,0.147510865,1010.913149,12072.83857,NA,NA,NA
exp2_3_DAY15_tube,9.5235,3,15,tube,temp22_ph4_food3,3,4,22,3/14/22,0.133628817,953.3290944,13629.38148,NA,NA,NA
exp2_4_DAY15_tube,2.8635,4,15,tube,temp22_ph4_food3,3,4,22,3/14/22,0.111931227,890.0551064,13682.94766,NA,NA,NA
exp2_5_DAY15_tube,10.8485,5,15,tube,temp22_ph4_food6,6,4,22,3/14/22,0.09445435,1084.395235,20587.20906,NA,NA,NA
exp2_6_DAY15_tube,14.366,6,15,tube,temp22_ph4_food6,6,4,22,3/14/22,0.061598437,1115.788381,20696.27113,NA,NA,NA
exp2_7_DAY15_tube,18.7735,7,15,tube,temp22_ph4_food6,6,4,22,3/14/22,0.05533207,1098.691979,17779.41605,NA,NA,NA
exp2_8_DAY15_tube,6.4885,8,15,tube,temp22_ph4_food6,6,4,22,3/14/22,0.057049184,1077.488548,19644.91555,NA,NA,NA
exp2_9_DAY15_tube,10.7635,9,15,tube,temp22_ph5.6_food3,3,5.6,22,3/14/22,0.133454424,779.0840552,8752.600775,NA,NA,NA
exp2_10_DAY15_tube,9.3185,10,15,tube,temp22_ph5.6_food3,3,5.6,22,3/14/22,0.093721445,808.8418016,8725.841183,NA,NA,NA
exp2_11_DAY15_tube,8.681,11,15,tube,temp22_ph5.6_food3,3,5.6,22,3/14/22,0.12774571,743.954946,9856.776731,NA,NA,NA
exp2_12_DAY15_tube,8.5585,12,15,tube,temp22_ph5.6_food3,3,5.6,22,3/14/22,0.189219969,826.1521565,6854.528522,NA,NA,NA
exp2_13_DAY15_tube,11.281,13,15,tube,temp22_ph5.6_food6,6,5.6,22,3/14/22,0.020324456,812.6678723,9334.529529,NA,NA,NA
exp2_14_DAY15_tube,5.2335,14,15,tube,temp22_ph5.6_food6,6,5.6,22,3/14/22,0.047610806,1037.359044,24766.33229,NA,NA,NA
exp2_15_DAY15_tube,5.131,15,15,tube,temp22_ph5.6_food6,6,5.6,22,3/14/22,0.04870668,859.5421928,13595.51317,NA,NA,NA
exp2_16_DAY15_tube,5.246,16,15,tube,temp22_ph5.6_food6,6,5.6,22,3/14/22,0.098839239,1027.50239,20216.13586,NA,NA,NA
exp2_17_DAY15_tube,5.1185,17,15,tube,temp37_ph4_food3,3,4,37,3/14/22,0.175393916,269.8147796,11068.38108,NA,NA,NA
exp2_18_DAY15_tube,2.5135,18,15,tube,temp37_ph4_food3,3,4,37,3/14/22,0.213231279,271.5579815,7765.84273,NA,NA,NA
exp2_19_DAY15_tube,4.271,19,15,tube,temp37_ph4_food3,3,4,37,3/14/22,0.197065133,249.0755498,10023.31746,NA,NA,NA
exp2_20_DAY15_tube,1.5035,20,15,tube,temp37_ph4_food3,3,4,37,3/14/22,0.189451053,309.8836489,15784.10817,NA,NA,NA
exp2_21_DAY15_tube,6.841,21,15,tube,temp37_ph4_food6,6,4,37,3/14/22,0.203934282,136.1051702,8150.830186,NA,NA,NA
exp2_22_DAY15_tube,2.996,22,15,tube,temp37_ph4_food6,6,4,37,3/14/22,0.219720164,159.9369111,8487.498572,NA,NA,NA
exp2_23_DAY15_tube,4.521,23,15,tube,temp37_ph4_food6,6,4,37,3/14/22,0.219959048,181.1567395,6487.882738,NA,NA,NA
exp2_24_DAY15_tube,3.646,24,15,tube,temp37_ph4_food6,6,4,37,3/14/22,0.194296022,162.3374264,3115.39607,NA,NA,NA
exp2_25_DAY15_tube,3.566,25,15,tube,temp37_ph5.6_food3,3,5.6,37,3/14/22,0.215464119,240.8021536,5627.401045,NA,NA,NA
exp2_26_DAY15_tube,2.4885,26,15,tube,temp37_ph5.6_food3,3,5.6,37,3/14/22,0.213660296,208.26679,5699.567671,NA,NA,NA
exp2_27_DAY15_tube,2.5385,27,15,tube,temp37_ph5.6_food3,3,5.6,37,3/14/22,0.185146256,240.4644134,4564.379495,NA,NA,NA
exp2_28_DAY15_tube,2.3885,28,15,tube,temp37_ph5.6_food3,3,5.6,37,3/14/22,0.186657566,224.652557,4642.532686,NA,NA,NA
exp2_29_DAY15_tube,4.5285,29,15,tube,temp37_ph5.6_food6,6,5.6,37,3/14/22,0.219315523,221.8036483,7024.578708,NA,NA,NA
exp2_30_DAY15_tube,4.686,30,15,tube,temp37_ph5.6_food6,6,5.6,37,3/14/22,0.230006825,147.8963493,5569.733972,NA,NA,NA
exp2_31_DAY15_tube,6.156,31,15,tube,temp37_ph5.6_food6,6,5.6,37,3/14/22,0.219725039,178.6786018,4253.195707,NA,NA,NA
exp2_32_DAY15_tube,3.011,32,15,tube,temp37_ph5.6_food6,6,5.6,37,3/14/22,0.204343799,175.4952559,7350.746246,NA,NA,NA
exp2_81_DAY15_tube,8.906,81,15,tube,temp22_ph3_food3,3,3,22,3/21/22,NA,711.4893343,23673.71792,NA,NA,NA
exp2_82_DAY15_tube,3.2145,82,15,tube,temp22_ph3_food3,3,3,22,3/21/22,NA,702.7033017,19393.21631,NA,NA,NA
exp2_83_DAY15_tube,5.492,83,15,tube,temp37_ph3_food3,3,3,37,3/21/22,NA,106.4580481,16833.59055,NA,NA,NA
exp2_84_DAY15_tube,1.567,84,15,tube,temp37_ph3_food3,3,3,37,3/21/22,NA,118.9177269,16065.79522,NA,NA,NA
exp2_85_DAY15_tube,6.2145,85,15,tube,temp22_ph3_food6,6,3,22,3/21/22,NA,723.0858497,29905.60424,NA,NA,NA
exp2_86_DAY15_tube,3.581,86,15,tube,temp22_ph3_food6,6,3,22,3/21/22,NA,839.7247137,29368.89956,NA,NA,NA
exp2_87_DAY15_tube,20.1485,87,15,tube,temp37_ph3_food6,6,3,37,3/21/22,NA,46.52037382,21452.21418,NA,NA,NA
exp2_88_DAY15_tube,17.9085,88,15,tube,temp37_ph3_food6,6,3,37,3/21/22,NA,45.54360665,13981.14354,NA,NA,NA
exp2_89_DAY15_tube,1.686,89,15,tube,temp37_ph3_food3,3,3,37,4/11/22,0.014120287,41.81543343,NA,NA,NA,NA
exp2_90_DAY15_tube,1.9685,90,15,tube,temp37_ph3_food3,3,3,37,4/11/22,0.005353637,66.76827364,NA,NA,NA,NA
exp2_91_DAY15_tube,2.0495,91,15,tube,temp37_ph3_food6,6,3,37,4/11/22,0.001442052,24.06336277,NA,NA,NA,NA
exp2_92_DAY15_tube,1.391,92,15,tube,temp37_ph3_food6,6,3,37,4/11/22,0.002223825,17.00001249,NA,NA,NA,NA
exp2_93_DAY15_tube,31.706,93,15,tube,temp22_ph3_food6,6,3,22,4/11/22,0.015624302,1482.05929,NA,NA,NA,NA
exp2_94_DAY15_tube,16.4535,94,15,tube,temp22_ph3_food6,6,3,22,4/11/22,0.012512665,6997.938711,NA,NA,NA,NA
exp2_95_DAY15_tube,7.3735,95,15,tube,temp22_ph3_food3,3,3,22,4/11/22,0.055855786,1416.450335,NA,NA,NA,NA
exp2_96_DAY15_tube,4.9835,96,15,tube,temp22_ph3_food3,3,3,22,4/11/22,0.077409144,2276.470074,NA,NA,NA,NA
exp2_1_DAY22_tube,NA,1,22,tube,temp22_ph4_food3,3,4,22,3/14/22,NA,577.4430718,9597.384948,NA,NA,NA
exp2_2_DAY22_tube,NA,2,22,tube,temp22_ph4_food3,3,4,22,3/14/22,NA,695.5834119,15344.55036,NA,NA,NA
exp2_3_DAY22_tube,NA,3,22,tube,temp22_ph4_food3,3,4,22,3/14/22,NA,619.9152759,16455.31583,NA,NA,NA
exp2_4_DAY22_tube,NA,4,22,tube,temp22_ph4_food3,3,4,22,3/14/22,NA,560.8882872,16046.53616,NA,NA,NA
exp2_5_DAY22_tube,NA,5,22,tube,temp22_ph4_food6,6,4,22,3/14/22,NA,603.6729014,19600.30673,NA,NA,NA
exp2_6_DAY22_tube,NA,6,22,tube,temp22_ph4_food6,6,4,22,3/14/22,NA,793.4055396,19168.89171,NA,NA,NA
exp2_7_DAY22_tube,NA,7,22,tube,temp22_ph4_food6,6,4,22,3/14/22,NA,817.8597619,24590.12418,NA,NA,NA
exp2_8_DAY22_tube,NA,8,22,tube,temp22_ph4_food6,6,4,22,3/14/22,NA,754.5229634,25249.43103,NA,NA,NA
exp2_9_DAY22_tube,NA,9,22,tube,temp22_ph5.6_food3,3,5.6,22,3/14/22,NA,553.9995487,15809.56728,NA,NA,NA
exp2_10_DAY22_tube,NA,10,22,tube,temp22_ph5.6_food3,3,5.6,22,3/14/22,NA,567.2890694,18537.75766,NA,NA,NA
exp2_11_DAY22_tube,NA,11,22,tube,temp22_ph5.6_food3,3,5.6,22,3/14/22,NA,605.4834299,17662.21947,NA,NA,NA
exp2_12_DAY22_tube,NA,12,22,tube,temp22_ph5.6_food3,3,5.6,22,3/14/22,NA,563.2490927,19015.35782,NA,NA,NA
exp2_13_DAY22_tube,NA,13,22,tube,temp22_ph5.6_food6,6,5.6,22,3/14/22,NA,666.4712424,15432.41889,NA,NA,NA
exp2_14_DAY22_tube,NA,14,22,tube,temp22_ph5.6_food6,6,5.6,22,3/14/22,NA,672.8900225,21452.21418,NA,NA,NA
exp2_15_DAY22_tube,NA,15,22,tube,temp22_ph5.6_food6,6,5.6,22,3/14/22,NA,635.1006133,19845.73393,NA,NA,NA
exp2_16_DAY22_tube,NA,16,22,tube,temp22_ph5.6_food6,6,5.6,22,3/14/22,NA,642.0311228,19109.56641,NA,NA,NA
exp2_17_DAY22_tube,NA,17,22,tube,temp37_ph4_food3,3,4,37,3/14/22,NA,248.9552831,10434.6912,NA,NA,NA
exp2_18_DAY22_tube,NA,18,22,tube,temp37_ph4_food3,3,4,37,3/14/22,NA,183.0482862,10772.77707,NA,NA,NA
exp2_19_DAY22_tube,NA,19,22,tube,temp37_ph4_food3,3,4,37,3/14/22,NA,186.6247515,8619.787346,NA,NA,NA
exp2_20_DAY22_tube,NA,20,22,tube,temp37_ph4_food3,3,4,37,3/14/22,NA,265.4208355,7394.510874,NA,NA,NA
exp2_21_DAY22_tube,NA,21,22,tube,temp37_ph4_food6,6,4,37,3/14/22,NA,132.835206,14949.60985,NA,NA,NA
exp2_22_DAY22_tube,NA,22,22,tube,temp37_ph4_food6,6,4,37,3/14/22,NA,116.3754656,14793.53074,NA,NA,NA
exp2_23_DAY22_tube,NA,23,22,tube,temp37_ph4_food6,6,4,37,3/14/22,NA,178.2629134,13500.11709,NA,NA,NA
exp2_24_DAY22_tube,NA,24,22,tube,temp37_ph4_food6,6,4,37,3/14/22,NA,86.98356043,13128.65766,NA,NA,NA
exp2_25_DAY22_tube,NA,25,22,tube,temp37_ph5.6_food3,3,5.6,37,3/14/22,NA,206.365568,16552.86522,NA,NA,NA
exp2_26_DAY22_tube,NA,26,22,tube,temp37_ph5.6_food3,3,5.6,37,3/14/22,NA,203.6304832,17433.54462,NA,NA,NA
exp2_27_DAY22_tube,NA,27,22,tube,temp37_ph5.6_food3,3,5.6,37,3/14/22,NA,226.1306584,16873.33864,NA,NA,NA
exp2_28_DAY22_tube,NA,28,22,tube,temp37_ph5.6_food3,3,5.6,37,3/14/22,NA,249.0079335,17876.60743,NA,NA,NA
exp2_29_DAY22_tube,NA,29,22,tube,temp37_ph5.6_food6,6,5.6,37,3/14/22,NA,91.15935117,9751.870424,NA,NA,NA
exp2_30_DAY22_tube,NA,30,22,tube,temp37_ph5.6_food6,6,5.6,37,3/14/22,NA,117.6308695,9905.476468,NA,NA,NA
exp2_31_DAY22_tube,NA,31,22,tube,temp37_ph5.6_food6,6,5.6,37,3/14/22,NA,213.0381493,10005.55474,NA,NA,NA
exp2_32_DAY22_tube,NA,32,22,tube,temp37_ph5.6_food6,6,5.6,37,3/14/22,NA,97.21858969,10520.25316,NA,NA,NA
exp2_81_DAY22_tube,NA,81,22,tube,temp22_ph3_food3,3,3,22,3/21/22,0.106730662,633.6737777,14619.54324,NA,NA,NA
exp2_82_DAY22_tube,NA,82,22,tube,temp22_ph3_food3,3,3,22,3/21/22,0.115340944,661.2195564,14195.63866,NA,NA,NA
exp2_83_DAY22_tube,NA,83,22,tube,temp37_ph3_food3,3,3,37,3/21/22,0.128786863,174.059749,15156.3933,NA,NA,NA
exp2_84_DAY22_tube,NA,84,22,tube,temp37_ph3_food3,3,3,37,3/21/22,0.114128698,190.1394872,14066.35039,NA,NA,NA
exp2_85_DAY22_tube,NA,85,22,tube,temp22_ph3_food6,6,3,22,3/21/22,0.071002206,771.3140348,24664.06744,NA,NA,NA
exp2_86_DAY22_tube,NA,86,22,tube,temp22_ph3_food6,6,3,22,3/21/22,0.154728925,691.5775266,24830.20164,NA,NA,NA
exp2_87_DAY22_tube,NA,87,22,tube,temp37_ph3_food6,6,3,37,3/21/22,0.051130767,83.50959892,17089.23231,NA,NA,NA
exp2_88_DAY22_tube,NA,88,22,tube,temp37_ph3_food6,6,3,37,3/21/22,0.039618431,466.4591769,19985.31912,NA,NA,NA
exp2_89_DAY22_tube,NA,89,22,tube,temp37_ph3_food3,3,3,37,4/11/22,0.031520137,74.35678416,NA,NA,NA,NA
exp2_90_DAY22_tube,NA,90,22,tube,temp37_ph3_food3,3,3,37,4/11/22,0.027319012,89.21262183,NA,NA,NA,NA
exp2_91_DAY22_tube,NA,91,22,tube,temp37_ph3_food6,6,3,37,4/11/22,0.013005282,103.2474461,NA,NA,NA,NA
exp2_92_DAY22_tube,NA,92,22,tube,temp37_ph3_food6,6,3,37,4/11/22,0.00924927,90.54676867,NA,NA,NA,NA
exp2_93_DAY22_tube,NA,93,22,tube,temp22_ph3_food6,6,3,22,4/11/22,0.007155796,690.5761651,NA,NA,NA,NA
exp2_94_DAY22_tube,NA,94,22,tube,temp22_ph3_food6,6,3,22,4/11/22,0.033155445,987.4238513,NA,NA,NA,NA
exp2_95_DAY22_tube,NA,95,22,tube,temp22_ph3_food3,3,3,22,4/11/22,0.096972755,1134.228188,NA,NA,NA,NA
exp2_96_DAY22_tube,NA,96,22,tube,temp22_ph3_food3,3,3,22,4/11/22,0.063246291,863.844433,NA,NA,NA,NA
exp2_1_DAY29_tube,NA,1,29,tube,temp22_ph4_food3,3,4,22,3/14/22,0.115372484,510.3255661,NA,NA,NA,NA
exp2_2_DAY29_tube,NA,2,29,tube,temp22_ph4_food3,3,4,22,3/14/22,0.127188796,470.3758702,NA,NA,NA,NA
exp2_3_DAY29_tube,NA,3,29,tube,temp22_ph4_food3,3,4,22,3/14/22,0.103130264,435.6580246,NA,NA,NA,NA
exp2_4_DAY29_tube,NA,4,29,tube,temp22_ph4_food3,3,4,22,3/14/22,0.061349149,338.4917997,NA,NA,NA,NA
exp2_5_DAY29_tube,NA,5,29,tube,temp22_ph4_food6,6,4,22,3/14/22,0.117394837,568.6635759,NA,NA,NA,NA
exp2_6_DAY29_tube,NA,6,29,tube,temp22_ph4_food6,6,4,22,3/14/22,0.135438034,538.1047349,NA,NA,NA,NA
exp2_7_DAY29_tube,NA,7,29,tube,temp22_ph4_food6,6,4,22,3/14/22,0.175947204,397.5688299,NA,NA,NA,NA
exp2_8_DAY29_tube,NA,8,29,tube,temp22_ph4_food6,6,4,22,3/14/22,0.166134869,400.3085007,NA,NA,NA,NA
exp2_9_DAY29_tube,NA,9,29,tube,temp22_ph5.6_food3,3,5.6,22,3/14/22,0.073116894,481.9834987,NA,NA,NA,NA
exp2_10_DAY29_tube,NA,10,29,tube,temp22_ph5.6_food3,3,5.6,22,3/14/22,0.08204098,528.4606331,NA,NA,NA,NA
exp2_11_DAY29_tube,NA,11,29,tube,temp22_ph5.6_food3,3,5.6,22,3/14/22,0.08253534,475.3861296,NA,NA,NA,NA
exp2_12_DAY29_tube,NA,12,29,tube,temp22_ph5.6_food3,3,5.6,22,3/14/22,0.118483664,444.3950421,NA,NA,NA,NA
exp2_13_DAY29_tube,NA,13,29,tube,temp22_ph5.6_food6,6,5.6,22,3/14/22,0.174107031,497.1193167,NA,NA,NA,NA
exp2_14_DAY29_tube,NA,14,29,tube,temp22_ph5.6_food6,6,5.6,22,3/14/22,0.183513319,637.0379324,NA,NA,NA,NA
exp2_15_DAY29_tube,NA,15,29,tube,temp22_ph5.6_food6,6,5.6,22,3/14/22,0.181320854,316.6506948,NA,NA,NA,NA
exp2_16_DAY29_tube,NA,16,29,tube,temp22_ph5.6_food6,6,5.6,22,3/14/22,0.162538997,331.311675,NA,NA,NA,NA
exp2_17_DAY29_tube,NA,17,29,tube,temp37_ph4_food3,3,4,37,3/14/22,0.218780898,248.9114701,NA,NA,NA,NA
exp2_18_DAY29_tube,NA,18,29,tube,temp37_ph4_food3,3,4,37,3/14/22,0.2300024,156.6245644,NA,NA,NA,NA
exp2_19_DAY29_tube,NA,19,29,tube,temp37_ph4_food3,3,4,37,3/14/22,0.196826494,224.4673901,NA,NA,NA,NA
exp2_20_DAY29_tube,NA,20,29,tube,temp37_ph4_food3,3,4,37,3/14/22,0.181193185,263.4875549,NA,NA,NA,NA
exp2_21_DAY29_tube,NA,21,29,tube,temp37_ph4_food6,6,4,37,3/14/22,0.200897528,126.4522126,NA,NA,NA,NA
exp2_22_DAY29_tube,NA,22,29,tube,temp37_ph4_food6,6,4,37,3/14/22,0.239812815,104.4643397,NA,NA,NA,NA
exp2_23_DAY29_tube,NA,23,29,tube,temp37_ph4_food6,6,4,37,3/14/22,0.216184305,293.4411935,NA,NA,NA,NA
exp2_24_DAY29_tube,NA,24,29,tube,temp37_ph4_food6,6,4,37,3/14/22,0.182486201,138.4253224,NA,NA,NA,NA
exp2_25_DAY29_tube,NA,25,29,tube,temp37_ph5.6_food3,3,5.6,37,3/14/22,0.221929446,209.9172055,NA,NA,NA,NA
exp2_26_DAY29_tube,NA,26,29,tube,temp37_ph5.6_food3,3,5.6,37,3/14/22,0.224545236,190.9697341,NA,NA,NA,NA
exp2_27_DAY29_tube,NA,27,29,tube,temp37_ph5.6_food3,3,5.6,37,3/14/22,0.174029278,246.4207294,NA,NA,NA,NA
exp2_28_DAY29_tube,NA,28,29,tube,temp37_ph5.6_food3,3,5.6,37,3/14/22,0.180975282,235.6634924,NA,NA,NA,NA
exp2_29_DAY29_tube,NA,29,29,tube,temp37_ph5.6_food6,6,5.6,37,3/14/22,0.211581473,106.1521726,NA,NA,NA,NA
exp2_30_DAY29_tube,NA,30,29,tube,temp37_ph5.6_food6,6,5.6,37,3/14/22,0.241775858,144.8025394,NA,NA,NA,NA
exp2_31_DAY29_tube,NA,31,29,tube,temp37_ph5.6_food6,6,5.6,37,3/14/22,0.190664747,144.452886,NA,NA,NA,NA
exp2_32_DAY29_tube,NA,32,29,tube,temp37_ph5.6_food6,6,5.6,37,3/14/22,0.180574034,143.0082276,NA,NA,NA,NA
exp2_81_DAY29_tube,NA,81,29,tube,temp22_ph3_food3,3,3,22,3/21/22,0.069958714,746.1222988,NA,NA,NA,NA
exp2_82_DAY29_tube,NA,82,29,tube,temp22_ph3_food3,3,3,22,3/21/22,0.105471214,733.4620267,NA,NA,NA,NA
exp2_83_DAY29_tube,NA,83,29,tube,temp37_ph3_food3,3,3,37,3/21/22,0.133151718,200.9682047,NA,NA,NA,NA
exp2_84_DAY29_tube,NA,84,29,tube,temp37_ph3_food3,3,3,37,3/21/22,0.125387991,341.9212367,NA,NA,NA,NA
exp2_85_DAY29_tube,NA,85,29,tube,temp22_ph3_food6,6,3,22,3/21/22,0.13633627,909.8495489,NA,NA,NA,NA
exp2_86_DAY29_tube,NA,86,29,tube,temp22_ph3_food6,6,3,22,3/21/22,0.095720462,807.26792,NA,NA,NA,NA
exp2_87_DAY29_tube,NA,87,29,tube,temp37_ph3_food6,6,3,37,3/21/22,0.041425986,85.20802506,NA,NA,NA,NA
exp2_88_DAY29_tube,NA,88,29,tube,temp37_ph3_food6,6,3,37,3/21/22,0.028087126,109.3455417,NA,NA,NA,NA
exp2_89_DAY29_tube,NA,89,29,tube,temp37_ph3_food3,3,3,37,4/11/22,0.03549295,66.9257389,NA,NA,NA,NA
exp2_90_DAY29_tube,NA,90,29,tube,temp37_ph3_food3,3,3,37,4/11/22,0.031301896,85.3841372,NA,NA,NA,NA
exp2_91_DAY29_tube,NA,91,29,tube,temp37_ph3_food6,6,3,37,4/11/22,0.020418747,109.7850188,NA,NA,NA,NA
exp2_92_DAY29_tube,NA,92,29,tube,temp37_ph3_food6,6,3,37,4/11/22,0.015532016,66.99754336,NA,NA,NA,NA
exp2_93_DAY29_tube,NA,93,29,tube,temp22_ph3_food6,6,3,22,4/11/22,0.034528779,675.5167871,NA,NA,NA,NA
exp2_94_DAY29_tube,NA,94,29,tube,temp22_ph3_food6,6,3,22,4/11/22,0.150635506,2901.890518,NA,NA,NA,NA
exp2_95_DAY29_tube,NA,95,29,tube,temp22_ph3_food3,3,3,22,4/11/22,0.084346163,967.8470869,NA,NA,NA,NA
exp2_96_DAY29_tube,NA,96,29,tube,temp22_ph3_food3,3,3,22,4/11/22,0.08880675,920.7904758,NA,NA,NA,NA
exp2_1_DAY36_tube,NA,1,36,tube,temp22_ph4_food3,3,4,22,3/14/22,0.07633514,583.8785275,1017.473002,NA,NA,NA
exp2_2_DAY36_tube,NA,2,36,tube,temp22_ph4_food3,3,4,22,3/14/22,0.080462041,485.8111813,5977.8055,NA,NA,NA
exp2_3_DAY36_tube,NA,3,36,tube,temp22_ph4_food3,3,4,22,3/14/22,0.078266079,466.3832408,11518.85719,NA,NA,NA
exp2_4_DAY36_tube,NA,4,36,tube,temp22_ph4_food3,3,4,22,3/14/22,0.052247667,619.6698039,10547.79711,NA,NA,NA
exp2_5_DAY36_tube,NA,5,36,tube,temp22_ph4_food6,6,4,22,3/14/22,0.068574927,685.5099787,17297.97128,NA,NA,NA
exp2_6_DAY36_tube,NA,6,36,tube,temp22_ph4_food6,6,4,22,3/14/22,0.085857696,630.8728865,21856.37174,NA,NA,NA
exp2_7_DAY36_tube,NA,7,36,tube,temp22_ph4_food6,6,4,22,3/14/22,0.102719027,677.0372485,23383.00805,NA,NA,NA
exp2_8_DAY36_tube,NA,8,36,tube,temp22_ph4_food6,6,4,22,3/14/22,0.09064539,667.4979156,24217.9112,NA,NA,NA
exp2_9_DAY36_tube,NA,9,36,tube,temp22_ph5.6_food3,3,5.6,22,3/14/22,0.048522712,523.8145313,7885.312392,NA,NA,NA
exp2_10_DAY36_tube,NA,10,36,tube,temp22_ph5.6_food3,3,5.6,22,3/14/22,0.053460938,537.3573795,12609.7554,NA,NA,NA
exp2_11_DAY36_tube,NA,11,36,tube,temp22_ph5.6_food3,3,5.6,22,3/14/22,0.057957045,472.3697355,12262.81088,NA,NA,NA
exp2_12_DAY36_tube,NA,12,36,tube,temp22_ph5.6_food3,3,5.6,22,3/14/22,0.064490983,441.5359077,12227.90185,NA,NA,NA
exp2_13_DAY36_tube,NA,13,36,tube,temp22_ph5.6_food6,6,5.6,22,3/14/22,0.072601207,629.4645204,14363.67408,NA,NA,NA
exp2_14_DAY36_tube,NA,14,36,tube,temp22_ph5.6_food6,6,5.6,22,3/14/22,0.107358668,665.8341658,22942.87607,NA,NA,NA
exp2_15_DAY36_tube,NA,15,36,tube,temp22_ph5.6_food6,6,5.6,22,3/14/22,0.101438835,578.3201761,21071.3569,NA,NA,NA
exp2_16_DAY36_tube,NA,16,36,tube,temp22_ph5.6_food6,6,5.6,22,3/14/22,0.078305554,613.495527,19134.91991,NA,NA,NA
exp2_17_DAY36_tube,NA,17,36,tube,temp37_ph4_food3,3,4,37,3/14/22,0.161629986,333.7452022,10522.91083,NA,NA,NA
exp2_18_DAY36_tube,NA,18,36,tube,temp37_ph4_food3,3,4,37,3/14/22,0.187523162,153.4330331,10558.74218,NA,NA,NA
exp2_19_DAY36_tube,NA,19,36,tube,temp37_ph4_food3,3,4,37,3/14/22,0.14183219,274.1694396,3412.376605,NA,NA,NA
exp2_20_DAY36_tube,NA,20,36,tube,temp37_ph4_food3,3,4,37,3/14/22,0.149439225,323.8490832,965.1248162,NA,NA,NA
exp2_21_DAY36_tube,NA,21,36,tube,temp37_ph4_food6,6,4,37,3/14/22,0.147973083,124.3418236,15660.97762,NA,NA,NA
exp2_22_DAY36_tube,NA,22,36,tube,temp37_ph4_food6,6,4,37,3/14/22,0.17113878,188.6421849,16563.94737,NA,NA,NA
exp2_23_DAY36_tube,NA,23,36,tube,temp37_ph4_food6,6,4,37,3/14/22,0.154143233,154.7061961,15627.67807,NA,NA,NA
exp2_24_DAY36_tube,NA,24,36,tube,temp37_ph4_food6,6,4,37,3/14/22,0.138929164,140.7652498,10688.36881,NA,NA,NA
exp2_25_DAY36_tube,NA,25,36,tube,temp37_ph5.6_food3,3,5.6,37,3/14/22,0.15981275,237.2402034,9126.439918,NA,NA,NA
exp2_26_DAY36_tube,NA,26,36,tube,temp37_ph5.6_food3,3,5.6,37,3/14/22,0.159185332,249.3108395,9160.650798,NA,NA,NA
exp2_27_DAY36_tube,NA,27,36,tube,temp37_ph5.6_food3,3,5.6,37,3/14/22,0.128617405,311.0798975,8997.31492,NA,NA,NA
exp2_28_DAY36_tube,NA,28,36,tube,temp37_ph5.6_food3,3,5.6,37,3/14/22,0.147040083,293.4884664,5297.107269,NA,NA,NA
exp2_29_DAY36_tube,NA,29,36,tube,temp37_ph5.6_food6,6,5.6,37,3/14/22,0.15308345,173.9350875,12204.32412,NA,NA,NA
exp2_30_DAY36_tube,NA,30,36,tube,temp37_ph5.6_food6,6,5.6,37,3/14/22,0.151581548,190.1406864,11038.70814,NA,NA,NA
exp2_31_DAY36_tube,NA,31,36,tube,temp37_ph5.6_food6,6,5.6,37,3/14/22,0.136438997,155.5512157,9858.126919,NA,NA,NA
exp2_32_DAY36_tube,NA,32,36,tube,temp37_ph5.6_food6,6,5.6,37,3/14/22,0.138269237,143.1463274,6975.202534,NA,NA,NA
exp2_81_DAY36_tube,NA,81,36,tube,temp22_ph3_food3,3,3,22,3/21/22,0.04705336,876.5400327,NA,NA,NA,NA
exp2_82_DAY36_tube,NA,82,36,tube,temp22_ph3_food3,3,3,22,3/21/22,0.076378657,726.0109686,NA,NA,NA,NA
exp2_83_DAY36_tube,NA,83,36,tube,temp37_ph3_food3,3,3,37,3/21/22,0.135620353,315.6745412,NA,NA,NA,NA
exp2_84_DAY36_tube,NA,84,36,tube,temp37_ph3_food3,3,3,37,3/21/22,0.099911562,458.9228828,NA,NA,NA,NA
exp2_85_DAY36_tube,NA,85,36,tube,temp22_ph3_food6,6,3,22,3/21/22,0.11991783,1014.541457,NA,NA,NA,NA
exp2_86_DAY36_tube,NA,86,36,tube,temp22_ph3_food6,6,3,22,3/21/22,0.066545744,1040.858496,NA,NA,NA,NA
exp2_87_DAY36_tube,NA,87,36,tube,temp37_ph3_food6,6,3,37,3/21/22,0.044833972,103.5016928,NA,NA,NA,NA
exp2_88_DAY36_tube,NA,88,36,tube,temp37_ph3_food6,6,3,37,3/21/22,0.031243739,139.3231477,NA,NA,NA,NA
exp2_89_DAY36_tube,NA,89,36,tube,temp37_ph3_food3,3,3,37,4/11/22,0.122029659,121.8702735,NA,NA,NA,NA
exp2_90_DAY36_tube,NA,90,36,tube,temp37_ph3_food3,3,3,37,4/11/22,0.067377723,164.23578,NA,NA,NA,NA
exp2_91_DAY36_tube,NA,91,36,tube,temp37_ph3_food6,6,3,37,4/11/22,0.023500945,96.84048952,NA,NA,NA,NA
exp2_92_DAY36_tube,NA,92,36,tube,temp37_ph3_food6,6,3,37,4/11/22,0.018708212,94.7307239,NA,NA,NA,NA
exp2_93_DAY36_tube,NA,93,36,tube,temp22_ph3_food6,6,3,22,4/11/22,0.120056389,1257.320758,NA,NA,NA,NA
exp2_94_DAY36_tube,NA,94,36,tube,temp22_ph3_food6,6,3,22,4/11/22,0.106292672,1525.331638,NA,NA,NA,NA
exp2_95_DAY36_tube,NA,95,36,tube,temp22_ph3_food3,3,3,22,4/11/22,0.071866576,1034.258804,NA,NA,NA,NA
exp2_96_DAY36_tube,NA,96,36,tube,temp22_ph3_food3,3,3,22,4/11/22,0.117446352,1140.923994,NA,NA,NA,NA
exp2_1_DAY43_tube,NA,1,43,tube,temp22_ph4_food3,3,4,22,3/14/22,0.089072061,633.1180431,NA,NA,NA,NA
exp2_2_DAY43_tube,NA,2,43,tube,temp22_ph4_food3,3,4,22,3/14/22,0.090109131,515.0449111,NA,NA,NA,NA
exp2_3_DAY43_tube,NA,3,43,tube,temp22_ph4_food3,3,4,22,3/14/22,0.089658069,466.7008133,NA,NA,NA,NA
exp2_4_DAY43_tube,NA,4,43,tube,temp22_ph4_food3,3,4,22,3/14/22,0.084705264,687.7909228,NA,NA,NA,NA
exp2_5_DAY43_tube,NA,5,43,tube,temp22_ph4_food6,6,4,22,3/14/22,0.080331313,821.2275288,NA,NA,NA,NA
exp2_6_DAY43_tube,NA,6,43,tube,temp22_ph4_food6,6,4,22,3/14/22,0.091563346,606.0564418,NA,NA,NA,NA
exp2_7_DAY43_tube,NA,7,43,tube,temp22_ph4_food6,6,4,22,3/14/22,0.104072004,637.2855947,NA,NA,NA,NA
exp2_8_DAY43_tube,NA,8,43,tube,temp22_ph4_food6,6,4,22,3/14/22,0.09326513,675.4906492,NA,NA,NA,NA
exp2_9_DAY43_tube,NA,9,43,tube,temp22_ph5.6_food3,3,5.6,22,3/14/22,0.062506368,658.2482791,NA,NA,NA,NA
exp2_10_DAY43_tube,NA,10,43,tube,temp22_ph5.6_food3,3,5.6,22,3/14/22,0.068622745,627.7037241,NA,NA,NA,NA
exp2_11_DAY43_tube,NA,11,43,tube,temp22_ph5.6_food3,3,5.6,22,3/14/22,0.069368457,675.4381801,NA,NA,NA,NA
exp2_12_DAY43_tube,NA,12,43,tube,temp22_ph5.6_food3,3,5.6,22,3/14/22,0.071859169,625.8173323,NA,NA,NA,NA
exp2_13_DAY43_tube,NA,13,43,tube,temp22_ph5.6_food6,6,5.6,22,3/14/22,0.075704211,835.6090797,NA,NA,NA,NA
exp2_14_DAY43_tube,NA,14,43,tube,temp22_ph5.6_food6,6,5.6,22,3/14/22,0.097157253,732.2273165,NA,NA,NA,NA
exp2_15_DAY43_tube,NA,15,43,tube,temp22_ph5.6_food6,6,5.6,22,3/14/22,0.090714601,595.0853873,NA,NA,NA,NA
exp2_16_DAY43_tube,NA,16,43,tube,temp22_ph5.6_food6,6,5.6,22,3/14/22,0.080557273,804.2749884,NA,NA,NA,NA
exp2_17_DAY43_tube,NA,17,43,tube,temp37_ph4_food3,3,4,37,3/14/22,0.223626638,351.8108111,NA,NA,NA,NA
exp2_18_DAY43_tube,NA,18,43,tube,temp37_ph4_food3,3,4,37,3/14/22,0.222112033,183.1548965,NA,NA,NA,NA
exp2_19_DAY43_tube,NA,19,43,tube,temp37_ph4_food3,3,4,37,3/14/22,0.171426854,333.8763476,NA,NA,NA,NA
exp2_20_DAY43_tube,NA,20,43,tube,temp37_ph4_food3,3,4,37,3/14/22,0.161749008,445.1209914,NA,NA,NA,NA
exp2_21_DAY43_tube,NA,21,43,tube,temp37_ph4_food6,6,4,37,3/14/22,0.12732042,174.9971892,NA,NA,NA,NA
exp2_22_DAY43_tube,NA,22,43,tube,temp37_ph4_food6,6,4,37,3/14/22,0.143396013,300.7333192,NA,NA,NA,NA
exp2_23_DAY43_tube,NA,23,43,tube,temp37_ph4_food6,6,4,37,3/14/22,0.153191489,233.7501718,NA,NA,NA,NA
exp2_24_DAY43_tube,NA,24,43,tube,temp37_ph4_food6,6,4,37,3/14/22,0.114980338,213.9443077,NA,NA,NA,NA
exp2_25_DAY43_tube,NA,25,43,tube,temp37_ph5.6_food3,3,5.6,37,3/14/22,0.199435028,334.1636788,NA,NA,NA,NA
exp2_26_DAY43_tube,NA,26,43,tube,temp37_ph5.6_food3,3,5.6,37,3/14/22,0.17216252,293.092808,NA,NA,NA,NA
exp2_27_DAY43_tube,NA,27,43,tube,temp37_ph5.6_food3,3,5.6,37,3/14/22,0.139095101,352.2730396,NA,NA,NA,NA
exp2_28_DAY43_tube,NA,28,43,tube,temp37_ph5.6_food3,3,5.6,37,3/14/22,0.168711384,357.3400627,NA,NA,NA,NA
exp2_29_DAY43_tube,NA,29,43,tube,temp37_ph5.6_food6,6,5.6,37,3/14/22,0.124352601,265.3016353,NA,NA,NA,NA
exp2_30_DAY43_tube,NA,30,43,tube,temp37_ph5.6_food6,6,5.6,37,3/14/22,0.140845225,192.7317701,NA,NA,NA,NA
exp2_31_DAY43_tube,NA,31,43,tube,temp37_ph5.6_food6,6,5.6,37,3/14/22,0.126732952,221.4199158,NA,NA,NA,NA
exp2_32_DAY43_tube,NA,32,43,tube,temp37_ph5.6_food6,6,5.6,37,3/14/22,0.118733794,315.6145764,NA,NA,NA,NA
exp2_81_DAY43_tube,NA,81,43,tube,temp22_ph3_food3,3,3,22,3/21/22,0.042320779,707.8460391,NA,NA,NA,NA
exp2_82_DAY43_tube,NA,82,43,tube,temp22_ph3_food3,3,3,22,3/21/22,0.073642212,608.8790851,NA,NA,NA,NA
exp2_83_DAY43_tube,NA,83,43,tube,temp37_ph3_food3,3,3,37,3/21/22,0.226288928,319.9824784,NA,NA,NA,NA
exp2_84_DAY43_tube,NA,84,43,tube,temp37_ph3_food3,3,3,37,3/21/22,0.17986012,401.9323853,NA,NA,NA,NA
exp2_85_DAY43_tube,NA,85,43,tube,temp22_ph3_food6,6,3,22,3/21/22,0.089394124,743.7951012,NA,NA,NA,NA
exp2_86_DAY43_tube,NA,86,43,tube,temp22_ph3_food6,6,3,22,3/21/22,0.050734955,717.3395285,NA,NA,NA,NA
exp2_87_DAY43_tube,NA,87,43,tube,temp37_ph3_food6,6,3,37,3/21/22,0.078782171,114.1214937,NA,NA,NA,NA
exp2_88_DAY43_tube,NA,88,43,tube,temp37_ph3_food6,6,3,37,3/21/22,0.070346504,119.505014,NA,NA,NA,NA
exp2_89_DAY43_tube,NA,89,43,tube,temp37_ph3_food3,3,3,37,4/11/22,0.110641213,77.63927489,NA,NA,NA,NA
exp2_90_DAY43_tube,NA,90,43,tube,temp37_ph3_food3,3,3,37,4/11/22,0.109994051,123.0464789,NA,NA,NA,NA
exp2_91_DAY43_tube,NA,91,43,tube,temp37_ph3_food6,6,3,37,4/11/22,0.021900745,37.82608934,NA,NA,NA,NA
exp2_92_DAY43_tube,NA,92,43,tube,temp37_ph3_food6,6,3,37,4/11/22,0.009625178,49.8596699,NA,NA,NA,NA
exp2_93_DAY43_tube,NA,93,43,tube,temp22_ph3_food6,6,3,22,4/11/22,0.063243605,1015.833731,NA,NA,NA,NA
exp2_94_DAY43_tube,NA,94,43,tube,temp22_ph3_food6,6,3,22,4/11/22,0.080689705,1213.611472,NA,NA,NA,NA
exp2_95_DAY43_tube,NA,95,43,tube,temp22_ph3_food3,3,3,22,4/11/22,0.044834424,913.514721,NA,NA,NA,NA
exp2_96_DAY43_tube,NA,96,43,tube,temp22_ph3_food3,3,3,22,4/11/22,0.06048776,811.5807967,NA,NA,NA,NA
exp2_1_DAY50_tube,NA,1,50,tube,temp22_ph4_food3,3,4,22,3/14/22,0.059792385,537.9922091,NA,NA,NA,NA
exp2_2_DAY50_tube,NA,2,50,tube,temp22_ph4_food3,3,4,22,3/14/22,0.06071693,506.753649,NA,NA,NA,NA
exp2_3_DAY50_tube,NA,3,50,tube,temp22_ph4_food3,3,4,22,3/14/22,0.058219298,397.2497301,NA,NA,NA,NA
exp2_4_DAY50_tube,NA,4,50,tube,temp22_ph4_food3,3,4,22,3/14/22,0.064512772,553.6703118,NA,NA,NA,NA
exp2_5_DAY50_tube,NA,5,50,tube,temp22_ph4_food6,6,4,22,3/14/22,0.048100054,602.6297044,NA,NA,NA,NA
exp2_6_DAY50_tube,NA,6,50,tube,temp22_ph4_food6,6,4,22,3/14/22,0.061179033,515.2159697,NA,NA,NA,NA
exp2_7_DAY50_tube,NA,7,50,tube,temp22_ph4_food6,6,4,22,3/14/22,0.071890675,676.270292,NA,NA,NA,NA
exp2_8_DAY50_tube,NA,8,50,tube,temp22_ph4_food6,6,4,22,3/14/22,0.056481825,565.4842696,NA,NA,NA,NA
exp2_9_DAY50_tube,NA,9,50,tube,temp22_ph5.6_food3,3,5.6,22,3/14/22,0.051396549,609.4510411,NA,NA,NA,NA
exp2_10_DAY50_tube,NA,10,50,tube,temp22_ph5.6_food3,3,5.6,22,3/14/22,0.050732817,545.5502886,NA,NA,NA,NA
exp2_11_DAY50_tube,NA,11,50,tube,temp22_ph5.6_food3,3,5.6,22,3/14/22,0.055221195,510.2442077,NA,NA,NA,NA
exp2_12_DAY50_tube,NA,12,50,tube,temp22_ph5.6_food3,3,5.6,22,3/14/22,0.055175176,527.8603276,NA,NA,NA,NA
exp2_13_DAY50_tube,NA,13,50,tube,temp22_ph5.6_food6,6,5.6,22,3/14/22,0.041150499,717.3316616,NA,NA,NA,NA
exp2_14_DAY50_tube,NA,14,50,tube,temp22_ph5.6_food6,6,5.6,22,3/14/22,0.061195911,590.6307265,NA,NA,NA,NA
exp2_15_DAY50_tube,NA,15,50,tube,temp22_ph5.6_food6,6,5.6,22,3/14/22,0.060654483,555.2497614,NA,NA,NA,NA
exp2_16_DAY50_tube,NA,16,50,tube,temp22_ph5.6_food6,6,5.6,22,3/14/22,0.047490667,557.5432174,NA,NA,NA,NA
exp2_17_DAY50_tube,NA,17,50,tube,temp37_ph4_food3,3,4,37,3/14/22,0.236869713,296.7450447,NA,NA,NA,NA
exp2_18_DAY50_tube,NA,18,50,tube,temp37_ph4_food3,3,4,37,3/14/22,0.171995652,163.4949391,NA,NA,NA,NA
exp2_19_DAY50_tube,NA,19,50,tube,temp37_ph4_food3,3,4,37,3/14/22,0.185064978,268.6009293,NA,NA,NA,NA
exp2_20_DAY50_tube,NA,20,50,tube,temp37_ph4_food3,3,4,37,3/14/22,0.173876471,451.4603964,NA,NA,NA,NA
exp2_21_DAY50_tube,NA,21,50,tube,temp37_ph4_food6,6,4,37,3/14/22,0.144133075,290.5417625,NA,NA,NA,NA
exp2_22_DAY50_tube,NA,22,50,tube,temp37_ph4_food6,6,4,37,3/14/22,0.13772317,318.7465778,NA,NA,NA,NA
exp2_23_DAY50_tube,NA,23,50,tube,temp37_ph4_food6,6,4,37,3/14/22,0.145795567,332.0536287,NA,NA,NA,NA
exp2_24_DAY50_tube,NA,24,50,tube,temp37_ph4_food6,6,4,37,3/14/22,0.144350456,218.3670468,NA,NA,NA,NA
exp2_25_DAY50_tube,NA,25,50,tube,temp37_ph5.6_food3,3,5.6,37,3/14/22,0.210287794,314.6196086,NA,NA,NA,NA
exp2_26_DAY50_tube,NA,26,50,tube,temp37_ph5.6_food3,3,5.6,37,3/14/22,0.182610463,348.9676319,NA,NA,NA,NA
exp2_27_DAY50_tube,NA,27,50,tube,temp37_ph5.6_food3,3,5.6,37,3/14/22,0.149869099,301.2462258,NA,NA,NA,NA
exp2_28_DAY50_tube,NA,28,50,tube,temp37_ph5.6_food3,3,5.6,37,3/14/22,0.213505978,321.8297586,NA,NA,NA,NA
exp2_29_DAY50_tube,NA,29,50,tube,temp37_ph5.6_food6,6,5.6,37,3/14/22,0.150736733,203.7114563,NA,NA,NA,NA
exp2_30_DAY50_tube,NA,30,50,tube,temp37_ph5.6_food6,6,5.6,37,3/14/22,0.166451491,243.4780432,NA,NA,NA,NA
exp2_31_DAY50_tube,NA,31,50,tube,temp37_ph5.6_food6,6,5.6,37,3/14/22,0.159695667,298.7512711,NA,NA,NA,NA
exp2_32_DAY50_tube,NA,32,50,tube,temp37_ph5.6_food6,6,5.6,37,3/14/22,0.142341099,312.9387838,NA,NA,NA,NA
exp2_81_DAY50_tube,NA,81,50,tube,temp22_ph3_food3,3,3,22,3/21/22,0.042168978,711.1078607,NA,NA,NA,NA
exp2_82_DAY50_tube,NA,82,50,tube,temp22_ph3_food3,3,3,22,3/21/22,0.067489598,647.3816307,NA,NA,NA,NA
exp2_83_DAY50_tube,NA,83,50,tube,temp37_ph3_food3,3,3,37,3/21/22,0.276281553,331.7877647,NA,NA,NA,NA
exp2_84_DAY50_tube,NA,84,50,tube,temp37_ph3_food3,3,3,37,3/21/22,0.194525243,410.7480628,NA,NA,NA,NA
exp2_85_DAY50_tube,NA,85,50,tube,temp22_ph3_food6,6,3,22,3/21/22,0.085231854,713.5563039,NA,NA,NA,NA
exp2_86_DAY50_tube,NA,86,50,tube,temp22_ph3_food6,6,3,22,3/21/22,0.041561026,633.7354604,NA,NA,NA,NA
exp2_87_DAY50_tube,NA,87,50,tube,temp37_ph3_food6,6,3,37,3/21/22,0.087065418,78.46763979,NA,NA,NA,NA
exp2_88_DAY50_tube,NA,88,50,tube,temp37_ph3_food6,6,3,37,3/21/22,0.082503583,142.7372788,NA,NA,NA,NA
exp2_89_DAY50_tube,NA,89,50,tube,temp37_ph3_food3,3,3,37,4/11/22,0.335840292,72.82555879,NA,NA,NA,NA
exp2_90_DAY50_tube,NA,90,50,tube,temp37_ph3_food3,3,3,37,4/11/22,0.411469431,122.6698472,NA,NA,NA,NA
exp2_91_DAY50_tube,NA,91,50,tube,temp37_ph3_food6,6,3,37,4/11/22,0.042687049,32.17902421,NA,NA,NA,NA
exp2_92_DAY50_tube,NA,92,50,tube,temp37_ph3_food6,6,3,37,4/11/22,0.025437967,69.93633492,NA,NA,NA,NA
exp2_93_DAY50_tube,NA,93,50,tube,temp22_ph3_food6,6,3,22,4/11/22,0.077301957,921.8142614,NA,NA,NA,NA
exp2_94_DAY50_tube,NA,94,50,tube,temp22_ph3_food6,6,3,22,4/11/22,0.133204548,1030.221585,NA,NA,NA,NA
exp2_95_DAY50_tube,NA,95,50,tube,temp22_ph3_food3,3,3,22,4/11/22,0.08403197,909.2814074,NA,NA,NA,NA
exp2_96_DAY50_tube,NA,96,50,tube,temp22_ph3_food3,3,3,22,4/11/22,0.094595363,827.8171658,NA,NA,NA,NA
exp2_1_DAY57_tube,0.492,1,57,tube,temp22_ph4_food3,3,4,22,3/14/22,0.062659038,528.5725208,1848.303353,7.93,LT,20
exp2_2_DAY57_tube,1.207,2,57,tube,temp22_ph4_food3,3,4,22,3/14/22,0.067533981,414.6261681,2002.69184,7.85,LT,20
exp2_3_DAY57_tube,1.881,3,57,tube,temp22_ph4_food3,3,4,22,3/14/22,0.052805247,395.7921261,2407.860302,7.96,LT,20
exp2_4_DAY57_tube,5.666,4,57,tube,temp22_ph4_food3,3,4,22,3/14/22,0.064091655,557.870732,3414.047253,7.95,LT,20
exp2_5_DAY57_tube,2.121,5,57,tube,temp22_ph4_food6,6,4,22,3/14/22,0.040673948,527.7115323,3647.651151,8.13,LT,20
exp2_6_DAY57_tube,3.6435,6,57,tube,temp22_ph4_food6,6,4,22,3/14/22,0.052576745,435.2712779,2771.766066,7.99,LT,20
exp2_7_DAY57_tube,8.0385,7,57,tube,temp22_ph4_food6,6,4,22,3/14/22,0.050544383,521.0330533,2630.450552,8.01,LT,20
exp2_8_DAY57_tube,2.162,8,57,tube,temp22_ph4_food6,6,4,22,3/14/22,0.045582293,508.5842888,1814.055818,8.08,LT,20
exp2_9_DAY57_tube,3.421,9,57,tube,temp22_ph5.6_food3,3,5.6,22,3/14/22,0.066918978,616.1626504,7260.326018,7.87,LT,20
exp2_10_DAY57_tube,3.941,10,57,tube,temp22_ph5.6_food3,3,5.6,22,3/14/22,0.06728479,557.4897695,12036.64953,7.89,LT,20
exp2_11_DAY57_tube,0.6085,11,57,tube,temp22_ph5.6_food3,3,5.6,22,3/14/22,0.057026815,503.1909766,10650.40399,7.95,LT,20
exp2_12_DAY57_tube,3.122,12,57,tube,temp22_ph5.6_food3,3,5.6,22,3/14/22,0.057741794,531.9745892,11470.02476,8,LT,20
exp2_13_DAY57_tube,1.247,13,57,tube,temp22_ph5.6_food6,6,5.6,22,3/14/22,0.044562876,623.7094313,16987.6837,8.07,LT,20
exp2_14_DAY57_tube,1.9395,14,57,tube,temp22_ph5.6_food6,6,5.6,22,3/14/22,0.043738095,534.7596712,10399.85429,8.08,LT,20
exp2_15_DAY57_tube,3.7835,15,57,tube,temp22_ph5.6_food6,6,5.6,22,3/14/22,0.047338534,533.3229173,12057.34375,8.11,LT,20
exp2_16_DAY57_tube,4.246,16,57,tube,temp22_ph5.6_food6,6,5.6,22,3/14/22,0.039809755,637.9386803,1745.275164,8.15,LT,20
exp2_17_DAY57_tube,2.5385,17,57,tube,temp37_ph4_food3,3,4,37,3/14/22,0.152708738,448.7120076,7274.347796,7.72,LT,20
exp2_18_DAY57_tube,3.076,18,57,tube,temp37_ph4_food3,3,4,37,3/14/22,0.210854369,197.1836698,12671.54729,7.72,LT,20
exp2_19_DAY57_tube,4.506,19,57,tube,temp37_ph4_food3,3,4,37,3/14/22,0.185896117,264.0575499,11576.49482,7.73,LT,20
exp2_20_DAY57_tube,4.851,20,57,tube,temp37_ph4_food3,3,4,37,3/14/22,0.135833287,407.7156544,14032.88437,7.76,LT,20
exp2_21_DAY57_tube,5.891,21,57,tube,temp37_ph4_food6,6,4,37,3/14/22,0.120194452,362.789337,17161.28776,7.86,LT,20
exp2_22_DAY57_tube,3.961,22,57,tube,temp37_ph4_food6,6,4,37,3/14/22,0.11387656,345.3342065,17456.8999,7.92,LT,20
exp2_23_DAY57_tube,5.152,23,57,tube,temp37_ph4_food6,6,4,37,3/14/22,0.122156449,345.7470821,17011.51827,7.96,LT,20
exp2_24_DAY57_tube,3.712,24,57,tube,temp37_ph4_food6,6,4,37,3/14/22,0.127394175,289.2176971,11181.30937,7.98,LT,20
exp2_25_DAY57_tube,1.347,25,57,tube,temp37_ph5.6_food3,3,5.6,37,3/14/22,0.213946602,273.2857518,3322.964659,7.77,LT,20
exp2_26_DAY57_tube,1.207,26,57,tube,temp37_ph5.6_food3,3,5.6,37,3/14/22,0.189573786,349.9257023,6482.039167,7.74,LT,20
exp2_27_DAY57_tube,4.801,27,57,tube,temp37_ph5.6_food3,3,5.6,37,3/14/22,0.176946602,238.7398319,6203.261488,7.72,LT,20
exp2_28_DAY57_tube,3.7535,28,57,tube,temp37_ph5.6_food3,3,5.6,37,3/14/22,0.238524272,296.5251299,4132.556335,7.76,LT,20
exp2_29_DAY57_tube,3.9635,29,57,tube,temp37_ph5.6_food6,6,5.6,37,3/14/22,0.143070874,227.0323818,7794.594019,7.91,LT,20
exp2_30_DAY57_tube,1.186,30,57,tube,temp37_ph5.6_food6,6,5.6,37,3/14/22,0.141667961,275.986397,7771.303597,7.98,LT,20
exp2_31_DAY57_tube,5.776,31,57,tube,temp37_ph5.6_food6,6,5.6,37,3/14/22,0.144375728,292.307948,7381.470392,8.02,LT,20
exp2_32_DAY57_tube,9.011,32,57,tube,temp37_ph5.6_food6,6,5.6,37,3/14/22,0.108078017,284.2159851,2896.430861,7.95,LT,20
exp2_81_DAY57_tube,1.547,81,57,tube,temp22_ph3_food3,3,3,22,3/21/22,0.088100595,1081.214737,2744.171592,7.88,LT,20
exp2_82_DAY57_tube,1.7545,82,57,tube,temp22_ph3_food3,3,3,22,3/21/22,0.092753592,836.0050609,2403.693526,7.94,LT,20
exp2_83_DAY57_tube,4.4085,83,57,tube,temp37_ph3_food3,3,3,37,3/21/22,0.200826028,504.7124521,1145.8506,7.7,LT,20
exp2_84_DAY57_tube,2.431,84,57,tube,temp37_ph3_food3,3,3,37,3/21/22,0.216985404,574.6638665,1427.113561,7.59,LT,20
exp2_85_DAY57_tube,7.511,85,57,tube,temp22_ph3_food6,6,3,22,3/21/22,0.11399826,861.4555135,15549.95385,7.9,LT,20
exp2_86_DAY57_tube,3.2045,86,57,tube,temp22_ph3_food6,6,3,22,3/21/22,0.055669348,815.8081494,18753.4236,8.1,LT,20
exp2_87_DAY57_tube,5.996,87,57,tube,temp37_ph3_food6,6,3,37,3/21/22,0.14408019,129.4856603,13157.09653,7.85,LT,20
exp2_88_DAY57_tube,5.2685,88,57,tube,temp37_ph3_food6,6,3,37,3/21/22,0.139076263,200.0375712,15581.56669,7.87,LT,20
exp2_89_DAY57_tube,2.3395,89,57,tube,temp37_ph3_food3,3,3,37,4/11/22,0.362876032,94.38616419,10207.45069,7.82,LT,20
exp2_90_DAY57_tube,3.151,90,57,tube,temp37_ph3_food3,3,3,37,4/11/22,0.338284132,136.654194,13300.68159,7.7,LT,20
exp2_91_DAY57_tube,3.971,91,57,tube,temp37_ph3_food6,6,3,37,4/11/22,0.053958469,70.81607199,14015.50734,7.78,LT,20
exp2_92_DAY57_tube,5.621,92,57,tube,temp37_ph3_food6,6,3,37,4/11/22,0.061723526,91.32923516,14176.77743,7.77,LT,20
exp2_93_DAY57_tube,4.346,93,57,tube,temp22_ph3_food6,6,3,22,4/11/22,0.094298733,899.4944096,24138.52796,8.2,LT,20
exp2_94_DAY57_tube,6.5285,94,57,tube,temp22_ph3_food6,6,3,22,4/11/22,0.162805835,795.4307542,31240.30454,7.4,LT,20
exp2_95_DAY57_tube,5.8085,95,57,tube,temp22_ph3_food3,3,3,22,4/11/22,0.091922247,1642.099871,20256.52992,7.86,LT,20
exp2_96_DAY57_tube,6.8185,96,57,tube,temp22_ph3_food3,3,3,22,4/11/22,0.090839938,780.2964497,19849.09562,7.89,LT,20